Date,Sales,Day_of_Week,Month,Quarter,Year,Day_Name,Month_Name
2022-01-01,1260,5,1,1,2022,Saturday,January
2022-01-02,1282,6,1,1,2022,Sunday,January
2022-01-03,1170,0,1,1,2022,Monday,January
2022-01-04,1207,1,1,1,2022,Tuesday,January
2022-01-05,949,2,1,1,2022,Wednesday,January
2022-01-06,899,3,1,1,2022,Thursday,January
2022-01-07,1103,4,1,1,2022,Friday,January
2022-01-08,1325,5,1,1,2022,Saturday,January
2022-01-09,1275,6,1,1,2022,Sunday,January
2022-01-10,1187,0,1,1,2022,Monday,January
2022-01-11,1036,1,1,1,2022,Tuesday,January
2022-01-12,953,2,1,1,2022,Wednesday,January
2022-01-13,973,3,1,1,2022,Thursday,January
2022-01-14,781,4,1,1,2022,Friday,January
2022-01-15,1058,5,1,1,2022,Saturday,January
2022-01-16,1296,6,1,1,2022,Sunday,January
2022-01-17,1058,0,1,1,2022,Monday,January
2022-01-18,1140,1,1,1,2022,Tuesday,January
2022-01-19,935,2,1,1,2022,Wednesday,January
2022-01-20,834,3,1,1,2022,Thursday,January
2022-01-21,1145,4,1,1,2022,Friday,January
2022-01-22,1269,5,1,1,2022,Saturday,January
2022-01-23,1403,6,1,1,2022,Sunday,January
2022-01-24,1043,0,1,1,2022,Monday,January
2022-01-25,1080,1,1,1,2022,Tuesday,January
2022-01-26,1063,2,1,1,2022,Wednesday,January
2022-01-27,886,3,1,1,2022,Thursday,January
2022-01-28,1061,4,1,1,2022,Friday,January
2022-01-29,1255,5,1,1,2022,Saturday,January
2022-01-30,1390,6,1,1,2022,Sunday,January
2022-01-31,1150,0,1,1,2022,Monday,January
2022-02-01,1345,1,2,1,2022,Tuesday,February
2022-02-02,1075,2,2,1,2022,Wednesday,February
2022-02-03,919,3,2,1,2022,Thursday,February
2022-02-04,1130,4,2,1,2022,Friday,February
2022-02-05,1209,5,2,1,2022,Saturday,February
2022-02-06,1478,6,2,1,2022,Sunday,February
2022-02-07,1037,0,2,1,2022,Monday,February
2022-02-08,1050,1,2,1,2022,Tuesday,February
2022-02-09,1119,2,2,1,2022,Wednesday,February
2022-02-10,1122,3,2,1,2022,Thursday,February
2022-02-11,1087,4,2,1,2022,Friday,February
2022-02-12,1368,5,2,1,2022,Saturday,February
2022-02-13,1443,6,2,1,2022,Sunday,February
2022-02-14,1107,0,2,1,2022,Monday,February
2022-02-15,1132,1,2,1,2022,Tuesday,February
2022-02-16,1074,2,2,1,2022,Wednesday,February
2022-02-17,1174,3,2,1,2022,Thursday,February
2022-02-18,1125,4,2,1,2022,Friday,February
2022-02-19,1195,5,2,1,2022,Saturday,February
2022-02-20,1542,6,2,1,2022,Sunday,February
2022-02-21,1236,0,2,1,2022,Monday,February
2022-02-22,1155,1,2,1,2022,Tuesday,February
2022-02-23,1200,2,2,1,2022,Wednesday,February
2022-02-24,1191,3,2,1,2022,Thursday,February
2022-02-25,1202,4,2,1,2022,Friday,February
2022-02-26,1327,5,2,1,2022,Saturday,February
2022-02-27,1487,6,2,1,2022,Sunday,February
2022-02-28,1325,0,2,1,2022,Monday,February
2022-03-01,1338,1,3,1,2022,Tuesday,March
2022-03-02,1108,2,3,1,2022,Wednesday,March
2022-03-03,1085,3,3,1,2022,Thursday,March
2022-03-04,1015,4,3,1,2022,Friday,March
2022-03-05,1303,5,3,1,2022,Saturday,March
2022-03-06,1640,6,3,1,2022,Sunday,March
2022-03-07,1443,0,3,1,2022,Monday,March
2022-03-08,1248,1,3,1,2022,Tuesday,March
2022-03-09,1270,2,3,1,2022,Wednesday,March
2022-03-10,1154,3,3,1,2022,Thursday,March
2022-03-11,1074,4,3,1,2022,Friday,March
2022-03-12,1506,5,3,1,2022,Saturday,March
2022-03-13,1743,6,3,1,2022,Sunday,March
2022-03-14,1316,0,3,1,2022,Monday,March
2022-03-15,1423,1,3,1,2022,Tuesday,March
2022-03-16,920,2,3,1,2022,Wednesday,March
2022-03-17,1211,3,3,1,2022,Thursday,March
2022-03-18,1158,4,3,1,2022,Friday,March
2022-03-19,1439,5,3,1,2022,Saturday,March
2022-03-20,1581,6,3,1,2022,Sunday,March
2022-03-21,1130,0,3,1,2022,Monday,March
2022-03-22,1254,1,3,1,2022,Tuesday,March
2022-03-23,1226,2,3,1,2022,Wednesday,March
2022-03-24,1285,3,3,1,2022,Thursday,March
2022-03-25,1106,4,3,1,2022,Friday,March
2022-03-26,1387,5,3,1,2022,Saturday,March
2022-03-27,1519,6,3,1,2022,Sunday,March
2022-03-28,1427,0,3,1,2022,Monday,March
2022-03-29,1315,1,3,1,2022,Tuesday,March
2022-03-30,1144,2,3,1,2022,Wednesday,March
2022-03-31,1194,3,3,1,2022,Thursday,March
2022-04-01,1173,4,4,2,2022,Friday,April
2022-04-02,1606,5,4,2,2022,Saturday,April
2022-04-03,1500,6,4,2,2022,Sunday,April
2022-04-04,1307,0,4,2,2022,Monday,April
2022-04-05,1247,1,4,2,2022,Tuesday,April
2022-04-06,1053,2,4,2,2022,Wednesday,April
2022-04-07,1175,3,4,2,2022,Thursday,April
2022-04-08,1191,4,4,2,2022,Friday,April
2022-04-09,1493,5,4,2,2022,Saturday,April
2022-04-10,1558,6,4,2,2022,Sunday,April
2022-04-11,1199,0,4,2,2022,Monday,April
2022-04-12,1245,1,4,2,2022,Tuesday,April
2022-04-13,1166,2,4,2,2022,Wednesday,April
2022-04-14,1065,3,4,2,2022,Thursday,April
2022-04-15,1148,4,4,2,2022,Friday,April
2022-04-16,1539,5,4,2,2022,Saturday,April
2022-04-17,1811,6,4,2,2022,Sunday,April
2022-04-18,1357,0,4,2,2022,Monday,April
2022-04-19,1310,1,4,2,2022,Tuesday,April
2022-04-20,1190,2,4,2,2022,Wednesday,April
2022-04-21,951,3,4,2,2022,Thursday,April
2022-04-22,1158,4,4,2,2022,Friday,April
2022-04-23,1493,5,4,2,2022,Saturday,April
2022-04-24,1875,6,4,2,2022,Sunday,April
2022-04-25,1315,0,4,2,2022,Monday,April
2022-04-26,1310,1,4,2,2022,Tuesday,April
2022-04-27,1188,2,4,2,2022,Wednesday,April
2022-04-28,1020,3,4,2,2022,Thursday,April
2022-04-29,1269,4,4,2,2022,Friday,April
2022-04-30,1569,5,4,2,2022,Saturday,April
2022-05-01,1666,6,5,2,2022,Sunday,May
2022-05-02,1236,0,5,2,2022,Monday,May
2022-05-03,1412,1,5,2,2022,Tuesday,May
2022-05-04,1043,2,5,2,2022,Wednesday,May
2022-05-05,1187,3,5,2,2022,Thursday,May
2022-05-06,1365,4,5,2,2022,Friday,May
2022-05-07,1349,5,5,2,2022,Saturday,May
2022-05-08,1491,6,5,2,2022,Sunday,May
2022-05-09,1327,0,5,2,2022,Monday,May
2022-05-10,1211,1,5,2,2022,Tuesday,May
2022-05-11,1018,2,5,2,2022,Wednesday,May
2022-05-12,1124,3,5,2,2022,Thursday,May
2022-05-13,1029,4,5,2,2022,Friday,May
2022-05-14,1510,5,5,2,2022,Saturday,May
2022-05-15,1435,6,5,2,2022,Sunday,May
2022-05-16,1460,0,5,2,2022,Monday,May
2022-05-17,1171,1,5,2,2022,Tuesday,May
2022-05-18,1128,2,5,2,2022,Wednesday,May
2022-05-19,1186,3,5,2,2022,Thursday,May
2022-05-20,998,4,5,2,2022,Friday,May
2022-05-21,1464,5,5,2,2022,Saturday,May
2022-05-22,1685,6,5,2,2022,Sunday,May
2022-05-23,1130,0,5,2,2022,Monday,May
2022-05-24,1253,1,5,2,2022,Tuesday,May
2022-05-25,1171,2,5,2,2022,Wednesday,May
2022-05-26,1167,3,5,2,2022,Thursday,May
2022-05-27,982,4,5,2,2022,Friday,May
2022-05-28,1260,5,5,2,2022,Saturday,May
2022-05-29,1572,6,5,2,2022,Sunday,May
2022-05-30,1304,0,5,2,2022,Monday,May
2022-05-31,1243,1,5,2,2022,Tuesday,May
2022-06-01,1163,2,6,2,2022,Wednesday,June
2022-06-02,1004,3,6,2,2022,Thursday,June
2022-06-03,1112,4,6,2,2022,Friday,June
2022-06-04,1433,5,6,2,2022,Saturday,June
2022-06-05,1402,6,6,2,2022,Sunday,June
2022-06-06,1443,0,6,2,2022,Monday,June
2022-06-07,1247,1,6,2,2022,Tuesday,June
2022-06-08,991,2,6,2,2022,Wednesday,June
2022-06-09,1119,3,6,2,2022,Thursday,June
2022-06-10,973,4,6,2,2022,Friday,June
2022-06-11,1469,5,6,2,2022,Saturday,June
2022-06-12,1605,6,6,2,2022,Sunday,June
2022-06-13,1156,0,6,2,2022,Monday,June
2022-06-14,1277,1,6,2,2022,Tuesday,June
2022-06-15,1133,2,6,2,2022,Wednesday,June
2022-06-16,1117,3,6,2,2022,Thursday,June
2022-06-17,1240,4,6,2,2022,Friday,June
2022-06-18,1322,5,6,2,2022,Saturday,June
2022-06-19,1351,6,6,2,2022,Sunday,June
2022-06-20,1129,0,6,2,2022,Monday,June
2022-06-21,1079,1,6,2,2022,Tuesday,June
2022-06-22,1063,2,6,2,2022,Wednesday,June
2022-06-23,1048,3,6,2,2022,Thursday,June
2022-06-24,1058,4,6,2,2022,Friday,June
2022-06-25,1426,5,6,2,2022,Saturday,June
2022-06-26,1419,6,6,2,2022,Sunday,June
2022-06-27,1343,0,6,2,2022,Monday,June
2022-06-28,1114,1,6,2,2022,Tuesday,June
2022-06-29,1322,2,6,2,2022,Wednesday,June
2022-06-30,1056,3,6,2,2022,Thursday,June
2022-07-01,924,4,7,3,2022,Friday,July
2022-07-02,1173,5,7,3,2022,Saturday,July
2022-07-03,1450,6,7,3,2022,Sunday,July
2022-07-04,1154,0,7,3,2022,Monday,July
2022-07-05,1191,1,7,3,2022,Tuesday,July
2022-07-06,1077,2,7,3,2022,Wednesday,July
2022-07-07,965,3,7,3,2022,Thursday,July
2022-07-08,904,4,7,3,2022,Friday,July
2022-07-09,1095,5,7,3,2022,Saturday,July
2022-07-10,1313,6,7,3,2022,Sunday,July
2022-07-11,1241,0,7,3,2022,Monday,July
2022-07-12,1120,1,7,3,2022,Tuesday,July
2022-07-13,884,2,7,3,2022,Wednesday,July
2022-07-14,969,3,7,3,2022,Thursday,July
2022-07-15,1007,4,7,3,2022,Friday,July
2022-07-16,1146,5,7,3,2022,Saturday,July
2022-07-17,1361,6,7,3,2022,Sunday,July
2022-07-18,1141,0,7,3,2022,Monday,July
2022-07-19,964,1,7,3,2022,Tuesday,July
2022-07-20,1024,2,7,3,2022,Wednesday,July
2022-07-21,988,3,7,3,2022,Thursday,July
2022-07-22,1056,4,7,3,2022,Friday,July
2022-07-23,1355,5,7,3,2022,Saturday,July
2022-07-24,1153,6,7,3,2022,Sunday,July
2022-07-25,1022,0,7,3,2022,Monday,July
2022-07-26,1110,1,7,3,2022,Tuesday,July
2022-07-27,1021,2,7,3,2022,Wednesday,July
2022-07-28,964,3,7,3,2022,Thursday,July
2022-07-29,1314,4,7,3,2022,Friday,July
2022-07-30,1274,5,7,3,2022,Saturday,July
2022-07-31,1433,6,7,3,2022,Sunday,July
2022-08-01,1192,0,8,3,2022,Monday,August
2022-08-02,1106,1,8,3,2022,Tuesday,August
2022-08-03,920,2,8,3,2022,Wednesday,August
2022-08-04,970,3,8,3,2022,Thursday,August
2022-08-05,834,4,8,3,2022,Friday,August
2022-08-06,1156,5,8,3,2022,Saturday,August
2022-08-07,1217,6,8,3,2022,Sunday,August
2022-08-08,1088,0,8,3,2022,Monday,August
2022-08-09,1255,1,8,3,2022,Tuesday,August
2022-08-10,748,2,8,3,2022,Wednesday,August
2022-08-11,947,3,8,3,2022,Thursday,August
2022-08-12,734,4,8,3,2022,Friday,August
2022-08-13,1109,5,8,3,2022,Saturday,August
2022-08-14,1387,6,8,3,2022,Sunday,August
2022-08-15,1071,0,8,3,2022,Monday,August
2022-08-16,901,1,8,3,2022,Tuesday,August
2022-08-17,848,2,8,3,2022,Wednesday,August
2022-08-18,931,3,8,3,2022,Thursday,August
2022-08-19,808,4,8,3,2022,Friday,August
2022-08-20,1175,5,8,3,2022,Saturday,August
2022-08-21,1246,6,8,3,2022,Sunday,August
2022-08-22,986,0,8,3,2022,Monday,August
2022-08-23,1210,1,8,3,2022,Tuesday,August
2022-08-24,970,2,8,3,2022,Wednesday,August
2022-08-25,649,3,8,3,2022,Thursday,August
2022-08-26,887,4,8,3,2022,Friday,August
2022-08-27,1055,5,8,3,2022,Saturday,August
2022-08-28,1329,6,8,3,2022,Sunday,August
2022-08-29,961,0,8,3,2022,Monday,August
2022-08-30,973,1,8,3,2022,Tuesday,August
2022-08-31,947,2,8,3,2022,Wednesday,August
2022-09-01,927,3,9,3,2022,Thursday,September
2022-09-02,739,4,9,3,2022,Friday,September
2022-09-03,1083,5,9,3,2022,Saturday,September
2022-09-04,1158,6,9,3,2022,Sunday,September
2022-09-05,966,0,9,3,2022,Monday,September
2022-09-06,1153,1,9,3,2022,Tuesday,September
2022-09-07,929,2,9,3,2022,Wednesday,September
2022-09-08,707,3,9,3,2022,Thursday,September
2022-09-09,943,4,9,3,2022,Friday,September
2022-09-10,1369,5,9,3,2022,Saturday,September
2022-09-11,1331,6,9,3,2022,Sunday,September
2022-09-12,873,0,9,3,2022,Monday,September
2022-09-13,922,1,9,3,2022,Tuesday,September
2022-09-14,1009,2,9,3,2022,Wednesday,September
2022-09-15,757,3,9,3,2022,Thursday,September
2022-09-16,891,4,9,3,2022,Friday,September
2022-09-17,1203,5,9,3,2022,Saturday,September
2022-09-18,1092,6,9,3,2022,Sunday,September
2022-09-19,1016,0,9,3,2022,Monday,September
2022-09-20,643,1,9,3,2022,Tuesday,September
2022-09-21,778,2,9,3,2022,Wednesday,September
2022-09-22,801,3,9,3,2022,Thursday,September
2022-09-23,720,4,9,3,2022,Friday,September
2022-09-24,1304,5,9,3,2022,Saturday,September
2022-09-25,1030,6,9,3,2022,Sunday,September
2022-09-26,977,0,9,3,2022,Monday,September
2022-09-27,980,1,9,3,2022,Tuesday,September
2022-09-28,1024,2,9,3,2022,Wednesday,September
2022-09-29,683,3,9,3,2022,Thursday,September
2022-09-30,962,4,9,3,2022,Friday,September
2022-10-01,1111,5,10,4,2022,Saturday,October
2022-10-02,1086,6,10,4,2022,Sunday,October
2022-10-03,1069,0,10,4,2022,Monday,October
2022-10-04,989,1,10,4,2022,Tuesday,October
2022-10-05,823,2,10,4,2022,Wednesday,October
2022-10-06,837,3,10,4,2022,Thursday,October
2022-10-07,811,4,10,4,2022,Friday,October
2022-10-08,1128,5,10,4,2022,Saturday,October
2022-10-09,1289,6,10,4,2022,Sunday,October
2022-10-10,1187,0,10,4,2022,Monday,October
2022-10-11,851,1,10,4,2022,Tuesday,October
2022-10-12,1103,2,10,4,2022,Wednesday,October
2022-10-13,641,3,10,4,2022,Thursday,October
2022-10-14,842,4,10,4,2022,Friday,October
2022-10-15,1194,5,10,4,2022,Saturday,October
2022-10-16,1253,6,10,4,2022,Sunday,October
2022-10-17,974,0,10,4,2022,Monday,October
2022-10-18,963,1,10,4,2022,Tuesday,October
2022-10-19,849,2,10,4,2022,Wednesday,October
2022-10-20,787,3,10,4,2022,Thursday,October
2022-10-21,951,4,10,4,2022,Friday,October
2022-10-22,1178,5,10,4,2022,Saturday,October
2022-10-23,1148,6,10,4,2022,Sunday,October
2022-10-24,1137,0,10,4,2022,Monday,October
2022-10-25,1026,1,10,4,2022,Tuesday,October
2022-10-26,991,2,10,4,2022,Wednesday,October
2022-10-27,921,3,10,4,2022,Thursday,October
2022-10-28,796,4,10,4,2022,Friday,October
2022-10-29,1084,5,10,4,2022,Saturday,October
2022-10-30,1337,6,10,4,2022,Sunday,October
2022-10-31,1122,0,10,4,2022,Monday,October
2022-11-01,1309,1,11,4,2022,Tuesday,November
2022-11-02,1217,2,11,4,2022,Wednesday,November
2022-11-03,1300,3,11,4,2022,Thursday,November
2022-11-04,1085,4,11,4,2022,Friday,November
2022-11-05,1605,5,11,4,2022,Saturday,November
2022-11-06,1614,6,11,4,2022,Sunday,November
2022-11-07,1371,0,11,4,2022,Monday,November
2022-11-08,1476,1,11,4,2022,Tuesday,November
2022-11-09,1330,2,11,4,2022,Wednesday,November
2022-11-10,1262,3,11,4,2022,Thursday,November
2022-11-11,1354,4,11,4,2022,Friday,November
2022-11-12,1551,5,11,4,2022,Saturday,November
2022-11-13,1780,6,11,4,2022,Sunday,November
2022-11-14,1383,0,11,4,2022,Monday,November
2022-11-15,1399,1,11,4,2022,Tuesday,November
2022-11-16,1231,2,11,4,2022,Wednesday,November
2022-11-17,1194,3,11,4,2022,Thursday,November
2022-11-18,1288,4,11,4,2022,Friday,November
2022-11-19,1451,5,11,4,2022,Saturday,November
2022-11-20,2032,6,11,4,2022,Sunday,November
2022-11-21,1320,0,11,4,2022,Monday,November
2022-11-22,1226,1,11,4,2022,Tuesday,November
2022-11-23,1426,2,11,4,2022,Wednesday,November
2022-11-24,1312,3,11,4,2022,Thursday,November
2022-11-25,1320,4,11,4,2022,Friday,November
2022-11-26,1711,5,11,4,2022,Saturday,November
2022-11-27,1738,6,11,4,2022,Sunday,November
2022-11-28,1363,0,11,4,2022,Monday,November
2022-11-29,1423,1,11,4,2022,Tuesday,November
2022-11-30,1217,2,11,4,2022,Wednesday,November
2022-12-01,1366,3,12,4,2022,Thursday,December
2022-12-02,1250,4,12,4,2022,Friday,December
2022-12-03,1521,5,12,4,2022,Saturday,December
2022-12-04,1727,6,12,4,2022,Sunday,December
2022-12-05,1565,0,12,4,2022,Monday,December
2022-12-06,1372,1,12,4,2022,Tuesday,December
2022-12-07,1230,2,12,4,2022,Wednesday,December
2022-12-08,1303,3,12,4,2022,Thursday,December
2022-12-09,1333,4,12,4,2022,Friday,December
2022-12-10,1610,5,12,4,2022,Saturday,December
2022-12-11,1743,6,12,4,2022,Sunday,December
2022-12-12,1574,0,12,4,2022,Monday,December
2022-12-13,1290,1,12,4,2022,Tuesday,December
2022-12-14,1187,2,12,4,2022,Wednesday,December
2022-12-15,1211,3,12,4,2022,Thursday,December
2022-12-16,1307,4,12,4,2022,Friday,December
2022-12-17,1778,5,12,4,2022,Saturday,December
2022-12-18,2088,6,12,4,2022,Sunday,December
2022-12-19,1689,0,12,4,2022,Monday,December
2022-12-20,1492,1,12,4,2022,Tuesday,December
2022-12-21,1402,2,12,4,2022,Wednesday,December
2022-12-22,1209,3,12,4,2022,Thursday,December
2022-12-23,1367,4,12,4,2022,Friday,December
2022-12-24,1726,5,12,4,2022,Saturday,December
2022-12-25,1950,6,12,4,2022,Sunday,December
2022-12-26,1505,0,12,4,2022,Monday,December
2022-12-27,1615,1,12,4,2022,Tuesday,December
2022-12-28,1639,2,12,4,2022,Wednesday,December
2022-12-29,1361,3,12,4,2022,Thursday,December
2022-12-30,1457,4,12,4,2022,Friday,December
2022-12-31,1922,5,12,4,2022,Saturday,December
2023-01-01,1446,6,1,1,2023,Sunday,January
2023-01-02,1290,0,1,1,2023,Monday,January
2023-01-03,1219,1,1,1,2023,Tuesday,January
2023-01-04,1145,2,1,1,2023,Wednesday,January
2023-01-05,1007,3,1,1,2023,Thursday,January
2023-01-06,1110,4,1,1,2023,Friday,January
2023-01-07,1488,5,1,1,2023,Saturday,January
2023-01-08,1701,6,1,1,2023,Sunday,January
2023-01-09,1391,0,1,1,2023,Monday,January
2023-01-10,1460,1,1,1,2023,Tuesday,January
2023-01-11,1085,2,1,1,2023,Wednesday,January
2023-01-12,1199,3,1,1,2023,Thursday,January
2023-01-13,1153,4,1,1,2023,Friday,January
2023-01-14,1723,5,1,1,2023,Saturday,January
2023-01-15,1462,6,1,1,2023,Sunday,January
2023-01-16,1238,0,1,1,2023,Monday,January
2023-01-17,1212,1,1,1,2023,Tuesday,January
2023-01-18,976,2,1,1,2023,Wednesday,January
2023-01-19,1086,3,1,1,2023,Thursday,January
2023-01-20,1085,4,1,1,2023,Friday,January
2023-01-21,1510,5,1,1,2023,Saturday,January
2023-01-22,1631,6,1,1,2023,Sunday,January
2023-01-23,1536,0,1,1,2023,Monday,January
2023-01-24,1393,1,1,1,2023,Tuesday,January
2023-01-25,1157,2,1,1,2023,Wednesday,January
2023-01-26,1074,3,1,1,2023,Thursday,January
2023-01-27,1236,4,1,1,2023,Friday,January
2023-01-28,1364,5,1,1,2023,Saturday,January
2023-01-29,1840,6,1,1,2023,Sunday,January
2023-01-30,1491,0,1,1,2023,Monday,January
2023-01-31,1276,1,1,1,2023,Tuesday,January
2023-02-01,1068,2,2,1,2023,Wednesday,February
2023-02-02,1324,3,2,1,2023,Thursday,February
2023-02-03,1200,4,2,1,2023,Friday,February
2023-02-04,1700,5,2,1,2023,Saturday,February
2023-02-05,1458,6,2,1,2023,Sunday,February
2023-02-06,1337,0,2,1,2023,Monday,February
2023-02-07,1346,1,2,1,2023,Tuesday,February
2023-02-08,1267,2,2,1,2023,Wednesday,February
2023-02-09,1166,3,2,1,2023,Thursday,February
2023-02-10,1296,4,2,1,2023,Friday,February
2023-02-11,1450,5,2,1,2023,Saturday,February
2023-02-12,1659,6,2,1,2023,Sunday,February
2023-02-13,1431,0,2,1,2023,Monday,February
2023-02-14,1419,1,2,1,2023,Tuesday,February
2023-02-15,1355,2,2,1,2023,Wednesday,February
2023-02-16,1120,3,2,1,2023,Thursday,February
2023-02-17,1101,4,2,1,2023,Friday,February
2023-02-18,1756,5,2,1,2023,Saturday,February
2023-02-19,1740,6,2,1,2023,Sunday,February
2023-02-20,1364,0,2,1,2023,Monday,February
2023-02-21,1542,1,2,1,2023,Tuesday,February
2023-02-22,1315,2,2,1,2023,Wednesday,February
2023-02-23,1369,3,2,1,2023,Thursday,February
2023-02-24,1280,4,2,1,2023,Friday,February
2023-02-25,1872,5,2,1,2023,Saturday,February
2023-02-26,1932,6,2,1,2023,Sunday,February
2023-02-27,1432,0,2,1,2023,Monday,February
2023-02-28,1502,1,2,1,2023,Tuesday,February
2023-03-01,1385,2,3,1,2023,Wednesday,March
2023-03-02,1405,3,3,1,2023,Thursday,March
2023-03-03,1193,4,3,1,2023,Friday,March
2023-03-04,1727,5,3,1,2023,Saturday,March
2023-03-05,1868,6,3,1,2023,Sunday,March
2023-03-06,1296,0,3,1,2023,Monday,March
2023-03-07,1301,1,3,1,2023,Tuesday,March
2023-03-08,1131,2,3,1,2023,Wednesday,March
2023-03-09,1256,3,3,1,2023,Thursday,March
2023-03-10,1375,4,3,1,2023,Friday,March
2023-03-11,1841,5,3,1,2023,Saturday,March
2023-03-12,1765,6,3,1,2023,Sunday,March
2023-03-13,1647,0,3,1,2023,Monday,March
2023-03-14,1294,1,3,1,2023,Tuesday,March
2023-03-15,1176,2,3,1,2023,Wednesday,March
2023-03-16,1289,3,3,1,2023,Thursday,March
2023-03-17,1353,4,3,1,2023,Friday,March
2023-03-18,1669,5,3,1,2023,Saturday,March
2023-03-19,1521,6,3,1,2023,Sunday,March
2023-03-20,1486,0,3,1,2023,Monday,March
2023-03-21,1311,1,3,1,2023,Tuesday,March
2023-03-22,1423,2,3,1,2023,Wednesday,March
2023-03-23,1340,3,3,1,2023,Thursday,March
2023-03-24,1229,4,3,1,2023,Friday,March
2023-03-25,1621,5,3,1,2023,Saturday,March
2023-03-26,1651,6,3,1,2023,Sunday,March
2023-03-27,1496,0,3,1,2023,Monday,March
2023-03-28,1544,1,3,1,2023,Tuesday,March
2023-03-29,1264,2,3,1,2023,Wednesday,March
2023-03-30,1359,3,3,1,2023,Thursday,March
2023-03-31,1276,4,3,1,2023,Friday,March
2023-04-01,1594,5,4,2,2023,Saturday,April
2023-04-02,1771,6,4,2,2023,Sunday,April
2023-04-03,1403,0,4,2,2023,Monday,April
2023-04-04,1397,1,4,2,2023,Tuesday,April
2023-04-05,1246,2,4,2,2023,Wednesday,April
2023-04-06,1509,3,4,2,2023,Thursday,April
2023-04-07,1335,4,4,2,2023,Friday,April
2023-04-08,1608,5,4,2,2023,Saturday,April
2023-04-09,1812,6,4,2,2023,Sunday,April
2023-04-10,1496,0,4,2,2023,Monday,April
2023-04-11,1431,1,4,2,2023,Tuesday,April
2023-04-12,1428,2,4,2,2023,Wednesday,April
2023-04-13,1388,3,4,2,2023,Thursday,April
2023-04-14,1278,4,4,2,2023,Friday,April
2023-04-15,1622,5,4,2,2023,Saturday,April
2023-04-16,1752,6,4,2,2023,Sunday,April
2023-04-17,1276,0,4,2,2023,Monday,April
2023-04-18,1300,1,4,2,2023,Tuesday,April
2023-04-19,1501,2,4,2,2023,Wednesday,April
2023-04-20,1474,3,4,2,2023,Thursday,April
2023-04-21,1303,4,4,2,2023,Friday,April
2023-04-22,1756,5,4,2,2023,Saturday,April
2023-04-23,1817,6,4,2,2023,Sunday,April
2023-04-24,1810,0,4,2,2023,Monday,April
2023-04-25,1559,1,4,2,2023,Tuesday,April
2023-04-26,1347,2,4,2,2023,Wednesday,April
2023-04-27,1209,3,4,2,2023,Thursday,April
2023-04-28,1162,4,4,2,2023,Friday,April
2023-04-29,1704,5,4,2,2023,Saturday,April
2023-04-30,1681,6,4,2,2023,Sunday,April
2023-05-01,1353,0,5,2,2023,Monday,May
2023-05-02,1375,1,5,2,2023,Tuesday,May
2023-05-03,1243,2,5,2,2023,Wednesday,May
2023-05-04,1465,3,5,2,2023,Thursday,May
2023-05-05,1402,4,5,2,2023,Friday,May
2023-05-06,1668,5,5,2,2023,Saturday,May
2023-05-07,1939,6,5,2,2023,Sunday,May
2023-05-08,1493,0,5,2,2023,Monday,May
2023-05-09,1344,1,5,2,2023,Tuesday,May
2023-05-10,1494,2,5,2,2023,Wednesday,May
2023-05-11,1340,3,5,2,2023,Thursday,May
2023-05-12,1200,4,5,2,2023,Friday,May
2023-05-13,1633,5,5,2,2023,Saturday,May
2023-05-14,1642,6,5,2,2023,Sunday,May
2023-05-15,1335,0,5,2,2023,Monday,May
2023-05-16,1510,1,5,2,2023,Tuesday,May
2023-05-17,1520,2,5,2,2023,Wednesday,May
2023-05-18,1133,3,5,2,2023,Thursday,May
2023-05-19,1346,4,5,2,2023,Friday,May
2023-05-20,1561,5,5,2,2023,Saturday,May
2023-05-21,1672,6,5,2,2023,Sunday,May
2023-05-22,1400,0,5,2,2023,Monday,May
2023-05-23,1317,1,5,2,2023,Tuesday,May
2023-05-24,1319,2,5,2,2023,Wednesday,May
2023-05-25,1175,3,5,2,2023,Thursday,May
2023-05-26,1302,4,5,2,2023,Friday,May
2023-05-27,1615,5,5,2,2023,Saturday,May
2023-05-28,1683,6,5,2,2023,Sunday,May
2023-05-29,1353,0,5,2,2023,Monday,May
2023-05-30,1329,1,5,2,2023,Tuesday,May
2023-05-31,1373,2,5,2,2023,Wednesday,May
2023-06-01,1291,3,6,2,2023,Thursday,June
2023-06-02,1160,4,6,2,2023,Friday,June
2023-06-03,1612,5,6,2,2023,Saturday,June
2023-06-04,1781,6,6,2,2023,Sunday,June
2023-06-05,1259,0,6,2,2023,Monday,June
2023-06-06,1424,1,6,2,2023,Tuesday,June
2023-06-07,1214,2,6,2,2023,Wednesday,June
2023-06-08,1280,3,6,2,2023,Thursday,June
2023-06-09,1163,4,6,2,2023,Friday,June
2023-06-10,1362,5,6,2,2023,Saturday,June
2023-06-11,1474,6,6,2,2023,Sunday,June
2023-06-12,1412,0,6,2,2023,Monday,June
2023-06-13,1376,1,6,2,2023,Tuesday,June
2023-06-14,1170,2,6,2,2023,Wednesday,June
2023-06-15,1268,3,6,2,2023,Thursday,June
2023-06-16,1054,4,6,2,2023,Friday,June
2023-06-17,1547,5,6,2,2023,Saturday,June
2023-06-18,1500,6,6,2,2023,Sunday,June
2023-06-19,1322,0,6,2,2023,Monday,June
2023-06-20,1335,1,6,2,2023,Tuesday,June
2023-06-21,1155,2,6,2,2023,Wednesday,June
2023-06-22,1145,3,6,2,2023,Thursday,June
2023-06-23,1301,4,6,2,2023,Friday,June
2023-06-24,1461,5,6,2,2023,Saturday,June
2023-06-25,1721,6,6,2,2023,Sunday,June
2023-06-26,1254,0,6,2,2023,Monday,June
2023-06-27,1363,1,6,2,2023,Tuesday,June
2023-06-28,1364,2,6,2,2023,Wednesday,June
2023-06-29,916,3,6,2,2023,Thursday,June
2023-06-30,1100,4,6,2,2023,Friday,June
2023-07-01,1575,5,7,3,2023,Saturday,July
2023-07-02,1571,6,7,3,2023,Sunday,July
2023-07-03,1383,0,7,3,2023,Monday,July
2023-07-04,1229,1,7,3,2023,Tuesday,July
2023-07-05,1208,2,7,3,2023,Wednesday,July
2023-07-06,1126,3,7,3,2023,Thursday,July
2023-07-07,1275,4,7,3,2023,Friday,July
2023-07-08,1511,5,7,3,2023,Saturday,July
2023-07-09,1611,6,7,3,2023,Sunday,July
2023-07-10,1284,0,7,3,2023,Monday,July
2023-07-11,1219,1,7,3,2023,Tuesday,July
2023-07-12,1135,2,7,3,2023,Wednesday,July
2023-07-13,1161,3,7,3,2023,Thursday,July
2023-07-14,1096,4,7,3,2023,Friday,July
2023-07-15,1490,5,7,3,2023,Saturday,July
2023-07-16,1795,6,7,3,2023,Sunday,July
2023-07-17,1392,0,7,3,2023,Monday,July
2023-07-18,1215,1,7,3,2023,Tuesday,July
2023-07-19,1278,2,7,3,2023,Wednesday,July
2023-07-20,1060,3,7,3,2023,Thursday,July
2023-07-21,914,4,7,3,2023,Friday,July
2023-07-22,1311,5,7,3,2023,Saturday,July
2023-07-23,1298,6,7,3,2023,Sunday,July
2023-07-24,1250,0,7,3,2023,Monday,July
2023-07-25,1230,1,7,3,2023,Tuesday,July
2023-07-26,1306,2,7,3,2023,Wednesday,July
2023-07-27,1115,3,7,3,2023,Thursday,July
2023-07-28,1077,4,7,3,2023,Friday,July
2023-07-29,1508,5,7,3,2023,Saturday,July
2023-07-30,1234,6,7,3,2023,Sunday,July
2023-07-31,1290,0,7,3,2023,Monday,July
2023-08-01,1287,1,8,3,2023,Tuesday,August
2023-08-02,972,2,8,3,2023,Wednesday,August
2023-08-03,1178,3,8,3,2023,Thursday,August
2023-08-04,1114,4,8,3,2023,Friday,August
2023-08-05,1338,5,8,3,2023,Saturday,August
2023-08-06,1554,6,8,3,2023,Sunday,August
2023-08-07,1476,0,8,3,2023,Monday,August
2023-08-08,1211,1,8,3,2023,Tuesday,August
2023-08-09,1128,2,8,3,2023,Wednesday,August
2023-08-10,1001,3,8,3,2023,Thursday,August
2023-08-11,979,4,8,3,2023,Friday,August
2023-08-12,1468,5,8,3,2023,Saturday,August
2023-08-13,1357,6,8,3,2023,Sunday,August
2023-08-14,1240,0,8,3,2023,Monday,August
2023-08-15,1129,1,8,3,2023,Tuesday,August
2023-08-16,1136,2,8,3,2023,Wednesday,August
2023-08-17,1066,3,8,3,2023,Thursday,August
2023-08-18,1153,4,8,3,2023,Friday,August
2023-08-19,1290,5,8,3,2023,Saturday,August
2023-08-20,1410,6,8,3,2023,Sunday,August
2023-08-21,1122,0,8,3,2023,Monday,August
2023-08-22,1119,1,8,3,2023,Tuesday,August
2023-08-23,1113,2,8,3,2023,Wednesday,August
2023-08-24,1095,3,8,3,2023,Thursday,August
2023-08-25,945,4,8,3,2023,Friday,August
2023-08-26,1441,5,8,3,2023,Saturday,August
2023-08-27,1591,6,8,3,2023,Sunday,August
2023-08-28,1249,0,8,3,2023,Monday,August
2023-08-29,1340,1,8,3,2023,Tuesday,August
2023-08-30,987,2,8,3,2023,Wednesday,August
2023-08-31,884,3,8,3,2023,Thursday,August
2023-09-01,849,4,9,3,2023,Friday,September
2023-09-02,1504,5,9,3,2023,Saturday,September
2023-09-03,1495,6,9,3,2023,Sunday,September
2023-09-04,1193,0,9,3,2023,Monday,September
2023-09-05,1172,1,9,3,2023,Tuesday,September
2023-09-06,943,2,9,3,2023,Wednesday,September
2023-09-07,1245,3,9,3,2023,Thursday,September
2023-09-08,1032,4,9,3,2023,Friday,September
2023-09-09,1329,5,9,3,2023,Saturday,September
2023-09-10,1496,6,9,3,2023,Sunday,September
2023-09-11,1240,0,9,3,2023,Monday,September
2023-09-12,1160,1,9,3,2023,Tuesday,September
2023-09-13,971,2,9,3,2023,Wednesday,September
2023-09-14,1042,3,9,3,2023,Thursday,September
2023-09-15,1202,4,9,3,2023,Friday,September
2023-09-16,1472,5,9,3,2023,Saturday,September
2023-09-17,1595,6,9,3,2023,Sunday,September
2023-09-18,1137,0,9,3,2023,Monday,September
2023-09-19,1035,1,9,3,2023,Tuesday,September
2023-09-20,1034,2,9,3,2023,Wednesday,September
2023-09-21,998,3,9,3,2023,Thursday,September
2023-09-22,1121,4,9,3,2023,Friday,September
2023-09-23,1105,5,9,3,2023,Saturday,September
2023-09-24,1585,6,9,3,2023,Sunday,September
2023-09-25,1172,0,9,3,2023,Monday,September
2023-09-26,1091,1,9,3,2023,Tuesday,September
2023-09-27,946,2,9,3,2023,Wednesday,September
2023-09-28,827,3,9,3,2023,Thursday,September
2023-09-29,1095,4,9,3,2023,Friday,September
2023-09-30,1318,5,9,3,2023,Saturday,September
2023-10-01,1249,6,10,4,2023,Sunday,October
2023-10-02,1060,0,10,4,2023,Monday,October
2023-10-03,1102,1,10,4,2023,Tuesday,October
2023-10-04,1216,2,10,4,2023,Wednesday,October
2023-10-05,970,3,10,4,2023,Thursday,October
2023-10-06,866,4,10,4,2023,Friday,October
2023-10-07,1284,5,10,4,2023,Saturday,October
2023-10-08,1376,6,10,4,2023,Sunday,October
2023-10-09,924,0,10,4,2023,Monday,October
2023-10-10,1135,1,10,4,2023,Tuesday,October
2023-10-11,1032,2,10,4,2023,Wednesday,October
2023-10-12,1072,3,10,4,2023,Thursday,October
2023-10-13,1207,4,10,4,2023,Friday,October
2023-10-14,1457,5,10,4,2023,Saturday,October
2023-10-15,1385,6,10,4,2023,Sunday,October
2023-10-16,1091,0,10,4,2023,Monday,October
2023-10-17,1406,1,10,4,2023,Tuesday,October
2023-10-18,1069,2,10,4,2023,Wednesday,October
2023-10-19,1012,3,10,4,2023,Thursday,October
2023-10-20,1029,4,10,4,2023,Friday,October
2023-10-21,1357,5,10,4,2023,Saturday,October
2023-10-22,1412,6,10,4,2023,Sunday,October
2023-10-23,1155,0,10,4,2023,Monday,October
2023-10-24,1105,1,10,4,2023,Tuesday,October
2023-10-25,1071,2,10,4,2023,Wednesday,October
2023-10-26,968,3,10,4,2023,Thursday,October
2023-10-27,972,4,10,4,2023,Friday,October
2023-10-28,1361,5,10,4,2023,Saturday,October
2023-10-29,1414,6,10,4,2023,Sunday,October
2023-10-30,1376,0,10,4,2023,Monday,October
2023-10-31,908,1,10,4,2023,Tuesday,October
2023-11-01,1557,2,11,4,2023,Wednesday,November
2023-11-02,1510,3,11,4,2023,Thursday,November
2023-11-03,1106,4,11,4,2023,Friday,November
2023-11-04,1723,5,11,4,2023,Saturday,November
2023-11-05,1844,6,11,4,2023,Sunday,November
2023-11-06,1430,0,11,4,2023,Monday,November
2023-11-07,1445,1,11,4,2023,Tuesday,November
2023-11-08,1292,2,11,4,2023,Wednesday,November
2023-11-09,1597,3,11,4,2023,Thursday,November
2023-11-10,1520,4,11,4,2023,Friday,November
2023-11-11,2002,5,11,4,2023,Saturday,November
2023-11-12,2042,6,11,4,2023,Sunday,November
2023-11-13,1490,0,11,4,2023,Monday,November
2023-11-14,1502,1,11,4,2023,Tuesday,November
2023-11-15,1525,2,11,4,2023,Wednesday,November
2023-11-16,1235,3,11,4,2023,Thursday,November
2023-11-17,1516,4,11,4,2023,Friday,November
2023-11-18,1797,5,11,4,2023,Saturday,November
2023-11-19,1902,6,11,4,2023,Sunday,November
2023-11-20,1756,0,11,4,2023,Monday,November
2023-11-21,1655,1,11,4,2023,Tuesday,November
2023-11-22,1441,2,11,4,2023,Wednesday,November
2023-11-23,1572,3,11,4,2023,Thursday,November
2023-11-24,1310,4,11,4,2023,Friday,November
2023-11-25,1964,5,11,4,2023,Saturday,November
2023-11-26,2088,6,11,4,2023,Sunday,November
2023-11-27,1652,0,11,4,2023,Monday,November
2023-11-28,1668,1,11,4,2023,Tuesday,November
2023-11-29,1355,2,11,4,2023,Wednesday,November
2023-11-30,1572,3,11,4,2023,Thursday,November
2023-12-01,1457,4,12,4,2023,Friday,December
2023-12-02,1823,5,12,4,2023,Saturday,December
2023-12-03,2196,6,12,4,2023,Sunday,December
2023-12-04,1631,0,12,4,2023,Monday,December
2023-12-05,1474,1,12,4,2023,Tuesday,December
2023-12-06,1347,2,12,4,2023,Wednesday,December
2023-12-07,1562,3,12,4,2023,Thursday,December
2023-12-08,1347,4,12,4,2023,Friday,December
2023-12-09,2217,5,12,4,2023,Saturday,December
2023-12-10,1746,6,12,4,2023,Sunday,December
2023-12-11,1976,0,12,4,2023,Monday,December
2023-12-12,1718,1,12,4,2023,Tuesday,December
2023-12-13,1570,2,12,4,2023,Wednesday,December
2023-12-14,1446,3,12,4,2023,Thursday,December
2023-12-15,1598,4,12,4,2023,Friday,December
2023-12-16,1978,5,12,4,2023,Saturday,December
2023-12-17,2284,6,12,4,2023,Sunday,December
2023-12-18,1805,0,12,4,2023,Monday,December
2023-12-19,1744,1,12,4,2023,Tuesday,December
2023-12-20,1569,2,12,4,2023,Wednesday,December
2023-12-21,1544,3,12,4,2023,Thursday,December
2023-12-22,1621,4,12,4,2023,Friday,December
2023-12-23,1759,5,12,4,2023,Saturday,December
2023-12-24,1943,6,12,4,2023,Sunday,December
2023-12-25,1921,0,12,4,2023,Monday,December
2023-12-26,1782,1,12,4,2023,Tuesday,December
2023-12-27,1628,2,12,4,2023,Wednesday,December
2023-12-28,1589,3,12,4,2023,Thursday,December
2023-12-29,1662,4,12,4,2023,Friday,December
2023-12-30,1984,5,12,4,2023,Saturday,December
2023-12-31,2074,6,12,4,2023,Sunday,December
2024-01-01,1450,0,1,1,2024,Monday,January
2024-01-02,1283,1,1,1,2024,Tuesday,January
2024-01-03,1339,2,1,1,2024,Wednesday,January
2024-01-04,1077,3,1,1,2024,Thursday,January
2024-01-05,1374,4,1,1,2024,Friday,January
2024-01-06,1680,5,1,1,2024,Saturday,January
2024-01-07,1753,6,1,1,2024,Sunday,January
2024-01-08,1556,0,1,1,2024,Monday,January
2024-01-09,1574,1,1,1,2024,Tuesday,January
2024-01-10,1426,2,1,1,2024,Wednesday,January
2024-01-11,1091,3,1,1,2024,Thursday,January
2024-01-12,1170,4,1,1,2024,Friday,January
2024-01-13,1581,5,1,1,2024,Saturday,January
2024-01-14,1757,6,1,1,2024,Sunday,January
2024-01-15,1537,0,1,1,2024,Monday,January
2024-01-16,1362,1,1,1,2024,Tuesday,January
2024-01-17,1370,2,1,1,2024,Wednesday,January
2024-01-18,1226,3,1,1,2024,Thursday,January
2024-01-19,1263,4,1,1,2024,Friday,January
2024-01-20,1519,5,1,1,2024,Saturday,January
2024-01-21,1675,6,1,1,2024,Sunday,January
2024-01-22,1376,0,1,1,2024,Monday,January
2024-01-23,1363,1,1,1,2024,Tuesday,January
2024-01-24,1483,2,1,1,2024,Wednesday,January
2024-01-25,1232,3,1,1,2024,Thursday,January
2024-01-26,1613,4,1,1,2024,Friday,January
2024-01-27,1777,5,1,1,2024,Saturday,January
2024-01-28,1838,6,1,1,2024,Sunday,January
2024-01-29,1450,0,1,1,2024,Monday,January
2024-01-30,1556,1,1,1,2024,Tuesday,January
2024-01-31,1345,2,1,1,2024,Wednesday,January
2024-02-01,1364,3,2,1,2024,Thursday,February
2024-02-02,1630,4,2,1,2024,Friday,February
2024-02-03,1736,5,2,1,2024,Saturday,February
2024-02-04,1983,6,2,1,2024,Sunday,February
2024-02-05,1490,0,2,1,2024,Monday,February
2024-02-06,1506,1,2,1,2024,Tuesday,February
2024-02-07,1603,2,2,1,2024,Wednesday,February
2024-02-08,1312,3,2,1,2024,Thursday,February
2024-02-09,1579,4,2,1,2024,Friday,February
2024-02-10,1859,5,2,1,2024,Saturday,February
2024-02-11,1804,6,2,1,2024,Sunday,February
2024-02-12,1646,0,2,1,2024,Monday,February
2024-02-13,1629,1,2,1,2024,Tuesday,February
2024-02-14,1510,2,2,1,2024,Wednesday,February
2024-02-15,1239,3,2,1,2024,Thursday,February
2024-02-16,1346,4,2,1,2024,Friday,February
2024-02-17,1770,5,2,1,2024,Saturday,February
2024-02-18,1888,6,2,1,2024,Sunday,February
2024-02-19,1665,0,2,1,2024,Monday,February
2024-02-20,1569,1,2,1,2024,Tuesday,February
2024-02-21,1334,2,2,1,2024,Wednesday,February
2024-02-22,1454,3,2,1,2024,Thursday,February
2024-02-23,1499,4,2,1,2024,Friday,February
2024-02-24,1889,5,2,1,2024,Saturday,February
2024-02-25,2048,6,2,1,2024,Sunday,February
2024-02-26,1704,0,2,1,2024,Monday,February
2024-02-27,1615,1,2,1,2024,Tuesday,February
2024-02-28,1478,2,2,1,2024,Wednesday,February
2024-02-29,1267,3,2,1,2024,Thursday,February
2024-03-01,1497,4,3,1,2024,Friday,March
2024-03-02,1867,5,3,1,2024,Saturday,March
2024-03-03,1971,6,3,1,2024,Sunday,March
2024-03-04,1509,0,3,1,2024,Monday,March
2024-03-05,1476,1,3,1,2024,Tuesday,March
2024-03-06,1605,2,3,1,2024,Wednesday,March
2024-03-07,1443,3,3,1,2024,Thursday,March
2024-03-08,1537,4,3,1,2024,Friday,March
2024-03-09,1862,5,3,1,2024,Saturday,March
2024-03-10,1958,6,3,1,2024,Sunday,March
2024-03-11,1743,0,3,1,2024,Monday,March
2024-03-12,1546,1,3,1,2024,Tuesday,March
2024-03-13,1522,2,3,1,2024,Wednesday,March
2024-03-14,1413,3,3,1,2024,Thursday,March
2024-03-15,1437,4,3,1,2024,Friday,March
2024-03-16,1835,5,3,1,2024,Saturday,March
2024-03-17,1994,6,3,1,2024,Sunday,March
2024-03-18,1612,0,3,1,2024,Monday,March
2024-03-19,1733,1,3,1,2024,Tuesday,March
2024-03-20,1432,2,3,1,2024,Wednesday,March
2024-03-21,1450,3,3,1,2024,Thursday,March
2024-03-22,1445,4,3,1,2024,Friday,March
2024-03-23,2056,5,3,1,2024,Saturday,March
2024-03-24,2000,6,3,1,2024,Sunday,March
2024-03-25,1771,0,3,1,2024,Monday,March
2024-03-26,1466,1,3,1,2024,Tuesday,March
2024-03-27,1555,2,3,1,2024,Wednesday,March
2024-03-28,1564,3,3,1,2024,Thursday,March
2024-03-29,1503,4,3,1,2024,Friday,March
2024-03-30,2016,5,3,1,2024,Saturday,March
2024-03-31,1921,6,3,1,2024,Sunday,March
2024-04-01,1813,0,4,2,2024,Monday,April
2024-04-02,1849,1,4,2,2024,Tuesday,April
2024-04-03,1496,2,4,2,2024,Wednesday,April
2024-04-04,1434,3,4,2,2024,Thursday,April
2024-04-05,1643,4,4,2,2024,Friday,April
2024-04-06,2081,5,4,2,2024,Saturday,April
2024-04-07,1923,6,4,2,2024,Sunday,April
2024-04-08,1632,0,4,2,2024,Monday,April
2024-04-09,1592,1,4,2,2024,Tuesday,April
2024-04-10,1399,2,4,2,2024,Wednesday,April
2024-04-11,1387,3,4,2,2024,Thursday,April
2024-04-12,1398,4,4,2,2024,Friday,April
2024-04-13,1799,5,4,2,2024,Saturday,April
2024-04-14,1981,6,4,2,2024,Sunday,April
2024-04-15,1697,0,4,2,2024,Monday,April
2024-04-16,1774,1,4,2,2024,Tuesday,April
2024-04-17,1432,2,4,2,2024,Wednesday,April
2024-04-18,1575,3,4,2,2024,Thursday,April
2024-04-19,1474,4,4,2,2024,Friday,April
2024-04-20,1882,5,4,2,2024,Saturday,April
2024-04-21,2062,6,4,2,2024,Sunday,April
2024-04-22,1557,0,4,2,2024,Monday,April
2024-04-23,1653,1,4,2,2024,Tuesday,April
2024-04-24,1544,2,4,2,2024,Wednesday,April
2024-04-25,1521,3,4,2,2024,Thursday,April
2024-04-26,1519,4,4,2,2024,Friday,April
2024-04-27,2176,5,4,2,2024,Saturday,April
2024-04-28,1897,6,4,2,2024,Sunday,April
2024-04-29,1610,0,4,2,2024,Monday,April
2024-04-30,1545,1,4,2,2024,Tuesday,April
2024-05-01,1464,2,5,2,2024,Wednesday,May
2024-05-02,1400,3,5,2,2024,Thursday,May
2024-05-03,1601,4,5,2,2024,Friday,May
2024-05-04,2041,5,5,2,2024,Saturday,May
2024-05-05,1894,6,5,2,2024,Sunday,May
2024-05-06,1570,0,5,2,2024,Monday,May
2024-05-07,1645,1,5,2,2024,Tuesday,May
2024-05-08,1454,2,5,2,2024,Wednesday,May
2024-05-09,1517,3,5,2,2024,Thursday,May
2024-05-10,1492,4,5,2,2024,Friday,May
2024-05-11,1676,5,5,2,2024,Saturday,May
2024-05-12,2135,6,5,2,2024,Sunday,May
2024-05-13,1822,0,5,2,2024,Monday,May
2024-05-14,1525,1,5,2,2024,Tuesday,May
2024-05-15,1459,2,5,2,2024,Wednesday,May
2024-05-16,1470,3,5,2,2024,Thursday,May
2024-05-17,1492,4,5,2,2024,Friday,May
2024-05-18,1921,5,5,2,2024,Saturday,May
2024-05-19,2175,6,5,2,2024,Sunday,May
2024-05-20,1611,0,5,2,2024,Monday,May
2024-05-21,1492,1,5,2,2024,Tuesday,May
2024-05-22,1345,2,5,2,2024,Wednesday,May
2024-05-23,1354,3,5,2,2024,Thursday,May
2024-05-24,1441,4,5,2,2024,Friday,May
2024-05-25,2039,5,5,2,2024,Saturday,May
2024-05-26,1853,6,5,2,2024,Sunday,May
2024-05-27,1635,0,5,2,2024,Monday,May
2024-05-28,1555,1,5,2,2024,Tuesday,May
2024-05-29,1586,2,5,2,2024,Wednesday,May
2024-05-30,1663,3,5,2,2024,Thursday,May
2024-05-31,1374,4,5,2,2024,Friday,May
2024-06-01,1745,5,6,2,2024,Saturday,June
2024-06-02,2020,6,6,2,2024,Sunday,June
2024-06-03,1664,0,6,2,2024,Monday,June
2024-06-04,1723,1,6,2,2024,Tuesday,June
2024-06-05,1508,2,6,2,2024,Wednesday,June
2024-06-06,1357,3,6,2,2024,Thursday,June
2024-06-07,1468,4,6,2,2024,Friday,June
2024-06-08,1915,5,6,2,2024,Saturday,June
2024-06-09,1971,6,6,2,2024,Sunday,June
2024-06-10,1627,0,6,2,2024,Monday,June
2024-06-11,1626,1,6,2,2024,Tuesday,June
2024-06-12,1547,2,6,2,2024,Wednesday,June
2024-06-13,1512,3,6,2,2024,Thursday,June
2024-06-14,1455,4,6,2,2024,Friday,June
2024-06-15,1738,5,6,2,2024,Saturday,June
2024-06-16,1866,6,6,2,2024,Sunday,June
2024-06-17,1678,0,6,2,2024,Monday,June
2024-06-18,1418,1,6,2,2024,Tuesday,June
2024-06-19,1447,2,6,2,2024,Wednesday,June
2024-06-20,1314,3,6,2,2024,Thursday,June
2024-06-21,1373,4,6,2,2024,Friday,June
2024-06-22,1887,5,6,2,2024,Saturday,June
2024-06-23,1847,6,6,2,2024,Sunday,June
2024-06-24,1541,0,6,2,2024,Monday,June
2024-06-25,1343,1,6,2,2024,Tuesday,June
2024-06-26,1464,2,6,2,2024,Wednesday,June
2024-06-27,1397,3,6,2,2024,Thursday,June
2024-06-28,1565,4,6,2,2024,Friday,June
2024-06-29,1672,5,6,2,2024,Saturday,June
2024-06-30,1825,6,6,2,2024,Sunday,June
2024-07-01,1541,0,7,3,2024,Monday,July
2024-07-02,1616,1,7,3,2024,Tuesday,July
2024-07-03,1359,2,7,3,2024,Wednesday,July
2024-07-04,1340,3,7,3,2024,Thursday,July
2024-07-05,1389,4,7,3,2024,Friday,July
2024-07-06,1706,5,7,3,2024,Saturday,July
2024-07-07,1721,6,7,3,2024,Sunday,July
2024-07-08,1514,0,7,3,2024,Monday,July
2024-07-09,1545,1,7,3,2024,Tuesday,July
2024-07-10,1245,2,7,3,2024,Wednesday,July
2024-07-11,1304,3,7,3,2024,Thursday,July
2024-07-12,1237,4,7,3,2024,Friday,July
2024-07-13,1803,5,7,3,2024,Saturday,July
2024-07-14,1567,6,7,3,2024,Sunday,July
2024-07-15,1418,0,7,3,2024,Monday,July
2024-07-16,1455,1,7,3,2024,Tuesday,July
2024-07-17,1484,2,7,3,2024,Wednesday,July
2024-07-18,1264,3,7,3,2024,Thursday,July
2024-07-19,1232,4,7,3,2024,Friday,July
2024-07-20,1861,5,7,3,2024,Saturday,July
2024-07-21,1552,6,7,3,2024,Sunday,July
2024-07-22,1235,0,7,3,2024,Monday,July
2024-07-23,1442,1,7,3,2024,Tuesday,July
2024-07-24,1258,2,7,3,2024,Wednesday,July
2024-07-25,1149,3,7,3,2024,Thursday,July
2024-07-26,1339,4,7,3,2024,Friday,July
2024-07-27,1641,5,7,3,2024,Saturday,July
2024-07-28,1635,6,7,3,2024,Sunday,July
2024-07-29,1308,0,7,3,2024,Monday,July
2024-07-30,1466,1,7,3,2024,Tuesday,July
2024-07-31,1355,2,7,3,2024,Wednesday,July
2024-08-01,1223,3,8,3,2024,Thursday,August
2024-08-02,1434,4,8,3,2024,Friday,August
2024-08-03,1462,5,8,3,2024,Saturday,August
2024-08-04,1498,6,8,3,2024,Sunday,August
2024-08-05,1349,0,8,3,2024,Monday,August
2024-08-06,1357,1,8,3,2024,Tuesday,August
2024-08-07,1297,2,8,3,2024,Wednesday,August
2024-08-08,1192,3,8,3,2024,Thursday,August
2024-08-09,1268,4,8,3,2024,Friday,August
2024-08-10,1421,5,8,3,2024,Saturday,August
2024-08-11,1835,6,8,3,2024,Sunday,August
2024-08-12,1394,0,8,3,2024,Monday,August
2024-08-13,1458,1,8,3,2024,Tuesday,August
2024-08-14,1291,2,8,3,2024,Wednesday,August
2024-08-15,1247,3,8,3,2024,Thursday,August
2024-08-16,1275,4,8,3,2024,Friday,August
2024-08-17,1607,5,8,3,2024,Saturday,August
2024-08-18,1722,6,8,3,2024,Sunday,August
2024-08-19,1521,0,8,3,2024,Monday,August
2024-08-20,1352,1,8,3,2024,Tuesday,August
2024-08-21,1314,2,8,3,2024,Wednesday,August
2024-08-22,1179,3,8,3,2024,Thursday,August
2024-08-23,1349,4,8,3,2024,Friday,August
2024-08-24,1457,5,8,3,2024,Saturday,August
2024-08-25,1846,6,8,3,2024,Sunday,August
2024-08-26,1372,0,8,3,2024,Monday,August
2024-08-27,1178,1,8,3,2024,Tuesday,August
2024-08-28,1245,2,8,3,2024,Wednesday,August
2024-08-29,1109,3,8,3,2024,Thursday,August
2024-08-30,1279,4,8,3,2024,Friday,August
2024-08-31,1448,5,8,3,2024,Saturday,August
2024-09-01,1565,6,9,3,2024,Sunday,September
2024-09-02,1178,0,9,3,2024,Monday,September
2024-09-03,1266,1,9,3,2024,Tuesday,September
2024-09-04,981,2,9,3,2024,Wednesday,September
2024-09-05,1010,3,9,3,2024,Thursday,September
2024-09-06,1263,4,9,3,2024,Friday,September
2024-09-07,1611,5,9,3,2024,Saturday,September
2024-09-08,1661,6,9,3,2024,Sunday,September
2024-09-09,1263,0,9,3,2024,Monday,September
2024-09-10,1300,1,9,3,2024,Tuesday,September
2024-09-11,1217,2,9,3,2024,Wednesday,September
2024-09-12,1047,3,9,3,2024,Thursday,September
2024-09-13,1332,4,9,3,2024,Friday,September
2024-09-14,1616,5,9,3,2024,Saturday,September
2024-09-15,1577,6,9,3,2024,Sunday,September
2024-09-16,1358,0,9,3,2024,Monday,September
2024-09-17,1322,1,9,3,2024,Tuesday,September
2024-09-18,1010,2,9,3,2024,Wednesday,September
2024-09-19,1135,3,9,3,2024,Thursday,September
2024-09-20,1110,4,9,3,2024,Friday,September
2024-09-21,1388,5,9,3,2024,Saturday,September
2024-09-22,1568,6,9,3,2024,Sunday,September
2024-09-23,1534,0,9,3,2024,Monday,September
2024-09-24,1364,1,9,3,2024,Tuesday,September
2024-09-25,1156,2,9,3,2024,Wednesday,September
2024-09-26,1217,3,9,3,2024,Thursday,September
2024-09-27,1319,4,9,3,2024,Friday,September
2024-09-28,1620,5,9,3,2024,Saturday,September
2024-09-29,1610,6,9,3,2024,Sunday,September
2024-09-30,1291,0,9,3,2024,Monday,September
2024-10-01,1372,1,10,4,2024,Tuesday,October
2024-10-02,1255,2,10,4,2024,Wednesday,October
2024-10-03,1252,3,10,4,2024,Thursday,October
2024-10-04,1245,4,10,4,2024,Friday,October
2024-10-05,1639,5,10,4,2024,Saturday,October
2024-10-06,1543,6,10,4,2024,Sunday,October
2024-10-07,1492,0,10,4,2024,Monday,October
2024-10-08,1326,1,10,4,2024,Tuesday,October
2024-10-09,1428,2,10,4,2024,Wednesday,October
2024-10-10,1099,3,10,4,2024,Thursday,October
2024-10-11,1362,4,10,4,2024,Friday,October
2024-10-12,1544,5,10,4,2024,Saturday,October
2024-10-13,1538,6,10,4,2024,Sunday,October
2024-10-14,1319,0,10,4,2024,Monday,October
2024-10-15,1282,1,10,4,2024,Tuesday,October
2024-10-16,1271,2,10,4,2024,Wednesday,October
2024-10-17,1228,3,10,4,2024,Thursday,October
2024-10-18,1139,4,10,4,2024,Friday,October
2024-10-19,1529,5,10,4,2024,Saturday,October
2024-10-20,1884,6,10,4,2024,Sunday,October
2024-10-21,1550,0,10,4,2024,Monday,October
2024-10-22,1368,1,10,4,2024,Tuesday,October
2024-10-23,1243,2,10,4,2024,Wednesday,October
2024-10-24,1199,3,10,4,2024,Thursday,October
2024-10-25,1270,4,10,4,2024,Friday,October
2024-10-26,1423,5,10,4,2024,Saturday,October
2024-10-27,1611,6,10,4,2024,Sunday,October
2024-10-28,1223,0,10,4,2024,Monday,October
2024-10-29,1378,1,10,4,2024,Tuesday,October
2024-10-30,1318,2,10,4,2024,Wednesday,October
2024-10-31,1153,3,10,4,2024,Thursday,October
2024-11-01,1794,4,11,4,2024,Friday,November
2024-11-02,1842,5,11,4,2024,Saturday,November
2024-11-03,1930,6,11,4,2024,Sunday,November
2024-11-04,1856,0,11,4,2024,Monday,November
2024-11-05,1896,1,11,4,2024,Tuesday,November
2024-11-06,1869,2,11,4,2024,Wednesday,November
2024-11-07,1523,3,11,4,2024,Thursday,November
2024-11-08,1751,4,11,4,2024,Friday,November
2024-11-09,2053,5,11,4,2024,Saturday,November
2024-11-10,2159,6,11,4,2024,Sunday,November
2024-11-11,1965,0,11,4,2024,Monday,November
2024-11-12,1868,1,11,4,2024,Tuesday,November
2024-11-13,1469,2,11,4,2024,Wednesday,November
2024-11-14,1799,3,11,4,2024,Thursday,November
2024-11-15,1815,4,11,4,2024,Friday,November
2024-11-16,1992,5,11,4,2024,Saturday,November
2024-11-17,2278,6,11,4,2024,Sunday,November
2024-11-18,1940,0,11,4,2024,Monday,November
2024-11-19,1843,1,11,4,2024,Tuesday,November
2024-11-20,1629,2,11,4,2024,Wednesday,November
2024-11-21,1547,3,11,4,2024,Thursday,November
2024-11-22,1660,4,11,4,2024,Friday,November
2024-11-23,2306,5,11,4,2024,Saturday,November
2024-11-24,2335,6,11,4,2024,Sunday,November
2024-11-25,1856,0,11,4,2024,Monday,November
2024-11-26,1939,1,11,4,2024,Tuesday,November
2024-11-27,1359,2,11,4,2024,Wednesday,November
2024-11-28,1813,3,11,4,2024,Thursday,November
2024-11-29,1467,4,11,4,2024,Friday,November
2024-11-30,2103,5,11,4,2024,Saturday,November
2024-12-01,2112,6,12,4,2024,Sunday,December
2024-12-02,1767,0,12,4,2024,Monday,December
2024-12-03,2020,1,12,4,2024,Tuesday,December
2024-12-04,1700,2,12,4,2024,Wednesday,December
2024-12-05,1740,3,12,4,2024,Thursday,December
2024-12-06,1719,4,12,4,2024,Friday,December
2024-12-07,2272,5,12,4,2024,Saturday,December
2024-12-08,2337,6,12,4,2024,Sunday,December
2024-12-09,1801,0,12,4,2024,Monday,December
2024-12-10,2031,1,12,4,2024,Tuesday,December
2024-12-11,1730,2,12,4,2024,Wednesday,December
2024-12-12,1526,3,12,4,2024,Thursday,December
2024-12-13,1703,4,12,4,2024,Friday,December
2024-12-14,2472,5,12,4,2024,Saturday,December
2024-12-15,2498,6,12,4,2024,Sunday,December
2024-12-16,1956,0,12,4,2024,Monday,December
2024-12-17,1891,1,12,4,2024,Tuesday,December
2024-12-18,1786,2,12,4,2024,Wednesday,December
2024-12-19,2033,3,12,4,2024,Thursday,December
2024-12-20,1843,4,12,4,2024,Friday,December
2024-12-21,2347,5,12,4,2024,Saturday,December
2024-12-22,2568,6,12,4,2024,Sunday,December
2024-12-23,2067,0,12,4,2024,Monday,December
2024-12-24,1937,1,12,4,2024,Tuesday,December
2024-12-25,1838,2,12,4,2024,Wednesday,December
2024-12-26,1789,3,12,4,2024,Thursday,December
2024-12-27,1823,4,12,4,2024,Friday,December
2024-12-28,2435,5,12,4,2024,Saturday,December
2024-12-29,2458,6,12,4,2024,Sunday,December
2024-12-30,2167,0,12,4,2024,Monday,December
2024-12-31,1996,1,12,4,2024,Tuesday,December
